{"cameraMode":{"drawMode":0,"name":"Shaded","section":"Shading Mode"},"sceneLighting":true,"audioPlay":false,"sceneViewState":{"m_AlwaysRefresh":false,"showFog":true,"showSkybox":true,"showFlares":true,"showImageEffects":true,"showParticleSystems":true,"showVisualEffectGraphs":true,"m_FxEnabled":true},"in2DMode":false,"pivot":{"x":-10.420489311218262,"y":-55.083717346191409,"z":-11.531034469604493},"rotation":{"x":0.004604863002896309,"y":-0.7776827216148377,"z":0.6290287375450134,"w":0.006332430522888899},"size":52.0886116027832,"orthographic":false}